{
    "title": "Create Hours",
    "jsonPage": "viewHours",
    "desciption": "",
    "pageType": "create",
    "urlFields": ["BranchRegistration"],
    "fields": [{
        "name": "Day Name",
        "type": "text",
        "tableRef": "name",
        "placeholder": "Enter Hotel Name",
        "id": "input1",
        "validation": ["required", "trim", "unique"],
        "url": ""
    }],
    "action": [{
        "name": "submit",
        "action": "submitHours"
    }, {
        "name": "cancel",
        "stateName": "page({jsonName:'viewHours'})"
    }],

    "apiCall": {
        "url": "BranchRegistration/saveHours"
    }
}
