{
    "title": "Edit Media",
    "jsonPage": "viewMedia",
    "desciption": "",
    "pageType": "edit",
    "urlFields": ["_id"],
    "fields": [{
        "name": "Id",
        "type": "hidden",
        "tableRef": "_id",
        "placeholder": "Enter name",
        "id": "input1",
        "validation": ["required", "trim", "unique"],
        "url": "",
        "model": "_id"
    },{
        "name": "Image",
        "type": "image",
        "tableRef": "image",
        "model": "image",
        "option": "single",
        "placeholder": "Enter Image",
        "id": "input1",
        "validation": ["required", "trim", "unique"],
        "url": ""
    }],
    "action": [{
        "name": "submit",
        "action": "submitTags"
    }, {
        "name": "cancel",
        "stateName": "page({jsonName:'viewMedia'})"
    }],
    "apiCall": {
        "url": "Media/savedata",
        "params": "_id"
    },
    "preApi": {
        "url": "Media/getOne",
        "params": "_id"
    }
}
