{
    "title": "Edit Sub-Category",
    "jsonPage": "viewSubCategory",
    "desciption": "",
    "pageType": "edit",
    "urlFields": ["_id"],
    "fields": [{
        "name": "Id",
        "type": "hidden",
        "tableRef": "_id",
        "placeholder": "Enter name",
        "id": "input1",
        "validation": ["required", "trim", "unique"],
        "url": "",
        "model": "_id"
    }, {
        "name": "Category-Name",
        "type": "selectFromTable",
        "tableRef": "category",
        "option":"single",
        "placeholder": "Enter Category-Name",
        "id": "input1",
        "validation": ["required", "trim", "unique"],
        "url": "category/getAll",
        "model": "category"
    }, {
        "name": "Sub-Category-Name",
        "type": "text",
        "tableRef": "subCatName",
        "model": "subCatName",
        "placeholder": "Enter Sub-Category-Name",
        "id": "input1",
        "validation": ["required", "trim", "unique"],
        "url": ""
    },  {
          "name": "anchor",
          "type": "text",
          "tableRef": "anchor",
          "model": "anchor",
          "placeholder": "Enter Name",
          "id": "input1",
          "validation": ["required", "trim", "unique"],
          "url": ""
      },{
            "name": "Color",
            "type": "text",
            "tableRef": "color",
            "model": "color",
            "placeholder": "Enter color",
            "id": "input1",
            "validation": ["required", "trim", "unique"],
            "url": ""
        }, {
        "name": "Description",
        "type": "tinymceImage",
        "tableRef": "subCatDescription",
        "model": "subCatDescription",
        "placeholder": "Enter Description",
        "id": "input1",
        "validation": ["required", "trim", "unique"],
        "url": ""
    }, {
        "name": "Status",
        "type": "select",
        "tableRef": "status",
        "placeholder": "Enter status",
        "id": "input3",
        "model": "status",
        "validation": ["required", "trim", "unique"],
        "url": [{
            "value": true,
            "name": "Enable"
        }, {
            "value": false,
            "name": "Disable"
        }]
    }],
    "action": [{
        "name": "submit",
        "action": "submitSubCategory"
    }, {
        "name": "cancel",
        "stateName": "page({jsonName:'viewSubCategory'})"
    }],
    "apiCall": {
        "url": "SubCategory/savedata",
        "params": "_id"
    },
    "preApi": {
        "url": "SubCategory/getOne",
        "params": "_id"
    }
}
