{
    "title": "Edit Doctor",
    "jsonPage": "viewDoctor",
    "desciption": "",
    "pageType": "edit",
    "urlFields": ["_id"],
    "fields": [{
        "name": "Id",
        "type": "hidden",
        "tableRef": "_id",
        "placeholder": "Enter name",
        "id": "input1",
        "validation": ["required", "trim", "unique"],
        "url": "",
        "model": "_id"
    },{
        "name": "name",
        "type": "text",
        "tableRef": "name",
        "placeholder": "Enter name",
        "id": "input1",
        "validation": ["required", "trim", "unique"],
        "url": "",
        "model": "name"
    },{
        "name": "Specialist",
        "type": "text",
        "tableRef": "specialist",
        "placeholder": "Enter Specialist",
        "id": "input1",
        "validation": ["required", "trim", "unique"],
        "url": "",
        "model": "specialist"
    },{
        "name": "Description",
        "type": "tinymceImage",
        "tableRef": "description",
        "placeholder": "Enter Desciption",
        "id": "input1",
        "validation": ["required", "trim", "unique"],
        "url": "",
        "model": "description"
    },{
        "name": "Image",
        "type": "image",
        "option": "single",
        "size": "429 X 401",
        "tableRef": "image",
        "placeholder": "Enter name",
        "id": "input1",
        "validation": ["required", "trim", "unique"],
        "url": "",
        "model": "image"
    },{
        "name": "Status",
        "type": "select",
        "tableRef": "status",
        "placeholder": "Enter status",
        "id": "input3",
        "model": "status",
        "validation": ["required", "trim", "unique"],
        "url": [{
            "value": true,
            "name": "Enable"
        }, {
            "value": false,
            "name": "Disable"
        }]
    }],

    "action": [{
        "name": "submit",
        "action": "submitDoctor"
    }, {
        "name": "cancel",
        "stateName": "page({jsonName:'viewDoctor'})"
    }],
    "apiCall": {
        "url": "doctor/savedata",
        "params": "_id"
    },
    "preApi": {
        "url": "doctor/getOne",
        "params": "_id"
    }
}
