{
    "title": "Edit Header",
    "jsonPage": "viewHeader",
    "desciption": "",
    "pageType": "edit",
    "urlFields": ["_id"],
    "fields": [{
        "name": "Id",
        "type": "hidden",
        "tableRef": "_id",
        "placeholder": "Enter name",
        "id": "input1",
        "validation": ["required", "trim", "unique"],
        "url": "",
        "model": "_id"
    },{
        "name": "Name",
        "type": "select",
        "tableRef": "name",
        "model": "name",
        "placeholder": "Enter status",
        "id": "input3",
        "validation": ["required", "trim", "unique"],
        "url": [{
            "value": "About",
            "name": "About"
        },{
            "value": "Blog",
            "name": "Blog"
        },
        {
            "value": "Before",
            "name": "Before After"
        },  {
            "value": "Contact",
            "name": "Contact"
        },{
            "value": "Doctor",
            "name": "Doctor"
        },
        {
            "value": "Team",
            "name": "Team"
        },  {
             "value": "Testimonial",
             "name": "Testimonial"
         }]
    },  {
        "name": "Description",
        "type": "tinymce",
        "tableRef": "description",
        "model": "description",
        "placeholder": "Enter Description",
        "id": "input1",
        "validation": ["required", "trim", "unique"],
        "url": ""
    },{
        "name": "Image",
        "type": "image",
        "tableRef": "image",
        "model": "image",
        "option": "single",
        "size":"1920 X 963",
        "placeholder": "Enter Image",
        "id": "input1",
        "validation": ["required", "trim", "unique"],
        "url": ""
    },{
        "name": "Status",
        "type": "select",
        "tableRef": "status",
        "placeholder": "Enter status",
        "id": "input3",
        "model": "status",
        "validation": ["required", "trim", "unique"],
        "url": [{
            "value": true,
            "name": "Enable"
        }, {
            "value": false,
            "name": "Disable"
        }]
    }],
    "action": [{
        "name": "submit",
        "action": "submitTags"
    }, {
        "name": "cancel",
        "stateName": "page({jsonName:'viewHeader'})"
    }],
    "apiCall": {
        "url": "Header/savedata",
        "params": "_id"
    },
    "preApi": {
        "url": "Header/getOne",
        "params": "_id"
    }
}
