{
    "title": "Edit Sub-Category",
    "jsonPage": "viewBeforeAfter",
    "desciption": "",
    "pageType": "edit",
    "urlFields": ["_id"],
    "fields": [{
        "name": "Id",
        "type": "hidden",
        "tableRef": "_id",
        "placeholder": "Enter name",
        "id": "input1",
        "validation": ["required", "trim", "unique"],
        "url": "",
        "model": "_id"
    }, {
        "name": "Name",
        "type": "text",
        "tableRef": "name",
        "model": "name",
        "placeholder": "Enter Name",
        "id": "input1",
        "validation": ["required", "trim", "unique"],
        "url": ""
    }, {
        "name": "Description",
        "type": "tinymceImage",
        "tableRef": "description",
        "model": "description",
        "placeholder": "Enter Description",
        "id": "input1",
        "validation": ["required", "trim", "unique"],
        "url": ""
    }, {
        "name": "Status",
        "type": "select",
        "tableRef": "status",
        "placeholder": "Enter status",
        "id": "input3",
        "model": "status",
        "validation": ["required", "trim", "unique"],
        "url": [{
            "value": true,
            "name": "Enable"
        }, {
            "value": false,
            "name": "Disable"
        }]
    }],
    "action": [{
        "name": "submit",
        "action": "submitBeforeAfter"
    }, {
        "name": "cancel",
        "stateName": "page({jsonName:'viewBeforeAfter'})"
    }],
    "apiCall": {
        "url": "BeforeAfter/savedata",
        "params": "_id"
    },
    "preApi": {
        "url": "BeforeAfter/getOne",
        "params": "_id"
    }
}
