{
    "title": "Edit Employee Details",
    "jsonPage": "viewEmployee",
    "desciption": "",
    "pageType": "edit",
    "urlFields": ["_id"],
    "fields": [{
        "name": "Id",
        "type": "hidden",
        "tableRef": "_id",
        "id": "input1",
        "validation": ["required", "trim", "unique"],
        "url": "",
        "model": "_id"
    }, {
        "name": "Upload Image",
        "type": "image",
        "tableRef": "image",
        "option": "single",
        "placeholder": "Upload image",
        "id": "input1",
        "validation": ["required", "trim", "unique"],
        "url": "",
        "model": "image"
    }, {
        "name": "First Name",
        "type": "text",
        "tableRef": "firstName",
        "placeholder": "Enter First Name",
        "id": "input2",
        "validation": ["required", "trim", "unique"],
        "url": "",
        "model": "firstName"
    }, {
        "name": "Last Name",
        "type": "text",
        "tableRef": "lastName",
        "placeholder": "Enter Last Name",
        "id": "input2",
        "validation": ["required", "trim", "unique"],
        "url": "",
        "model": "lastName"
    }, {
        "name": "Mobile",
        "type": "text",
        "tableRef": "mobile",
        "placeholder": "Enter Mobile Number",
        "id": "input3",
        "validation": ["required", "trim", "unique"],
        "url": "",
        "model": "mobile"
    }, {
        "name": "Email",
        "type": "email",
        "tableRef": "email",
        "placeholder": "Enter Email",
        "id": "input3",
        "validation": ["required", "trim", "unique"],
        "url": "",
        "model": "email"
    }, {
        "name": "Employee Id",
        "type": "text",
        "tableRef": "employeeId",
        "placeholder": "Enter Employee Id",
        "id": "input3",
        "validation": ["required", "trim", "unique"],
        "url": "",
        "model": "employeeId"
    }, {
        "name": "Roles",
        "type": "select",
        "option":"single",
        "tableRef": "roles",
        "placeholder": "Select roles",
        "id": "input3",
        "validation": ["required", "trim", "unique"],
        "model":"roles",
        "url": [{
            "value": "CEO",
            "name": "CEO"
        }, {
            "value": "Principle",
            "name": "Principle"
        }, {
            "value": "Manager",
            "name": "Manager"
        }, {
            "value": "APM",
            "name": "APM"
        }]
    },{
        "name": "Branch",
        "type": "selectFromTable",
        "option": "single",
        "tableRef": "branch",
        "placeholder": "Select branch",
        "id": "input3",
        "dropDownName": "branchName",
        "validation": ["required", "trim", "unique"],
        "url": "BranchRegistration/search",
        "model": "branch"
    }],
    "action": [{
        "name": "submit",
        "action": "submitEmployee"
    }, {
        "name": "cancel",
        "action": "cancelEmployee",
        "stateName": "page({jsonName:'viewEmployee'})"
    }],
    "apiCall": {
        "url": "Employee/save",
        "params": "_id"
    },
    "preApi": {
        "url": "Employee/getOne",
        "params": "_id"
    }
}
