{
    "title": "View Time",
    "desciption": "",
    "sendIdWithCreate": true,
    "pageType": "view",
    "fields": [{
        "name": "From",
        "type": "text",
        "isSort": "",
        "tableRef": "from"
    },{
        "name": "To",
        "type": "text",
        "isSort": "",
        "tableRef": "to"
    }],
    "action": [{
        "name": "edit",
        "icon": "mode_edit",
        "color": "blue",
        "action": "redirect",
        "jsonPage": "editTime",
        "fieldsToSend": ["_id"],
        "callFindOne": "BranchRegistration/getOneTime"
    }, {
        "name": "delete",
        "icon": "delete",
        "color": "red",
        "action": "apiCallConfirm",
        "title": "Delete Time",
        "content": "Are you sure you want to delete Time?",
        "api": "BranchRegistration/deleteTime",
        "fieldsToSend": [{
            "name": "_id",
            "value": "_id"
        }]
    }],
    "apiCall": {
        "url": "BranchRegistration/getTime",
        "params": ""
    },
    "createButtonState": "page({jsonName:'createTime'})",
    "sidemenu": [{
          "name": "BranchRegistration",
          "action": "sidemenuRedirect",
          "jsonPage": "editBranchRegistration",
          "fieldsToSend": [1],
          "callFindOne": "BranchRegistration/getOne"
      }, {
          "name": "Hours",
          "action": "sidemenuRedirect",
          "jsonPage": "viewHours",
          "fieldsToSend": [1],
          "callFindOne": "BranchRegistration/getOne"
      },{
        "name": "Time",
        "action": "sidemenuRedirect",
        "jsonPage": "viewTime",
        "fieldsToSend": [1],
        "callFindOne": "BranchRegistration/getTime"
        }]

}
