{
    "title": "Media",
    "desciption": "",
    "pageType": "view",
    "fields": [{
        "name": "Path",
        "type":"text",
        "isSort": "",
        "tableRef": "path"
    }, {
        "name": "Image",
        "type": "image",
        "isSort": "",
        "tableRef": "image"
    }],
    "action": [{
        "name": "edit",
        "icon": "mode_edit",
        "color": "blue",
        "action": "redirect",
        "jsonPage": "editMedia",
        "fieldsToSend": ["_id"],
        "callFindOne": "Media/getone"
    }, {
        "name": "delete",
        "icon": "delete",
        "color": "red",
        "action": "apiCallConfirm",
        "title": "Delete Media",
        "content": "Are you sure you want to delete Media?",
        "api": "Media/delete",
        "fieldsToSend": [{
            "name": "_id",
            "value": "_id"
        }]
    }],
    "apiCall": {
        "url": "Media/getLimited",
        "params": ""
    },
    "createButtonState": "page({jsonName:'createMedia'})"
}
